{
   "goals": {
     "title": "Buts",
     "desc": "Dans ce jeu, vos buts sont :\n • Collecter toutes les cartes\n • Obtenir les meilleurs\n • Devenir le #1 sur le balance top\n • Devenir le #1 sur le points top"
   },
   "prefix": {
     "title": "Préfix",
     "desc": "Le préfix des commandes est `=`, toutes les commandes doivent commencer par `=`"
   },
   "synthax": {
     "title": "Synthaxe des commandes",
     "desc": "```=commande (argument obligatoire) [argument optionnel]```"
   },
   "help": {
      "title": "help [commande]",
      "desc": "Envoie une aide générale ou sur la [commande] spécifique en DM"
   },
   "start": {
      "title": "start",
      "desc": "Génère votre compte sur le jeu"
   },
   "spin": {
      "title": "spin",
      "desc": "Donne un item aléatoire. :stopwatch: Cooldown : `30 min`."
   },
   "daily": {
      "title": "daily",
      "desc": "Donne une somme de PO (pièces d'or) aléatoire. :stopwatch: Cooldown : `24 h.`"
   },
   "inventory": {
      "title": "inventory [@utilisateur] | alias: inv",
      "desc": "Affiche l'inventaire de l'auteur ou celui de l'@utilisateur spécifié"
   },
   "balance": {
      "title": "balance [@utilisateur] | alias: bal",
      "desc": "Affiche la bourse de l'auteur ou de l'@utilisateur spécifié"
   },
   "balancetop": {
      "title": "balancetop | alias: baltop",
      "desc": "Affiche le top des bourses"
   },
   "points": {
      "title": "points [@utilisateur] | alias: pts",
      "desc": "Affiche le score de l'auteur ou de l'@utilisateur spécifié"
   },
   "pointstop": {
      "title": "pointstop | alias: ptop",
      "desc": "Affiche le top des scores"
   },
   "trade": {
      "title": "trade (@utilisateur)",
      "desc": "Initialise un échange avec l'@utilisateur mentionné"
   },
   "pay": {
      "title": "pay (@utilisateur) (somme)",
      "desc": "Donne la somme spécifié à l'@utilisateur mentionné"
   },
   "flip": {
      "title": "flip (mise)",
      "desc": "Pile ou face : 1 chance sur 2 de gagner 2x la mise, 1 chance sur 2 de perdre la mise"
   },
   "give": {
      "title": "give (@utilisateur) (ID item) (float item)",
      "desc": "Donne l'item spécifié (ID item, float item) à l'@utilisateur spécifié"
   },
   "items": {
      "title": "items",
      "desc": "Envoie la liste des items à l'auteur en DM"
   },
  "powers": {
      "title": "powers",
      "desc": "Envoie la liste des pouvoirs à l'auteur en DM"
   },
  "statistics": {
      "title": "statistics | alias: stats",
      "desc": "Affiche quelques statistics à propos du bot"
   },
  "market": {
      "title": "market",
      "desc": "Affiche le marché des offres"
   },
  "sell": {
      "title": "sell (ID item) (float item) (prix)",
      "desc": "Met en vente l'item spécifié (ID item, float item) au prix spécifié"
   },
  "buy": {
      "title": "buy (numéro de l'offre)",
      "desc": "Achète l'offre spécifiée par son numéro"
   },
  "remove_offer": {
      "title": "remove_offer (numéro de l'offre)",
      "desc": "Annule l'offre spécifiée par son numéro"
   },
  "players": {
      "title": "players",
      "desc": "Affiche tous les joueurs du jeu"
   },
  "use": {
      "title": "use (power up) [@cible]",
      "desc": "Utilise le jeu spécifié"
   }
}
